<?xml version="1.0" encoding="UTF-8"?>
<beans xmlns:xsi="http://www.w3.org/2001/XMLSchema-instance"
	xmlns:p="http://www.springframework.org/schema/p"
	xmlns:context="http://www.springframework.org/schema/context"
	xmlns:tx="http://www.springframework.org/schema/tx"
	xmlns="http://www.springframework.org/schema/beans"
	xsi:schemaLocation="http://www.springframework.org/schema/beans
	http://www.springframework.org/schema/beans/spring-beans.xsd  
	http://www.springframework.org/schema/context   
	http://www.springframework.org/schema/context/spring-context.xsd  
	http://www.springframework.org/schema/tx   
	http://www.springframework.org/schema/tx/spring-tx.xsd">
	<context:property-placeholder
		location="jdbc.properties" />


	<!-- JNDI DataSource for J2EE environments -->
	<!-- <jee:jndi-lookup id="dataSource" jndi-name="java:comp/env/jdbc/appfuse"/> -->
	<bean id="dataSource"
		class="org.apache.commons.dbcp2.BasicDataSource" destroy-method="close">
		<property name="driverClassName" value="${jdbc.driver_class}" />
		<property name="url" value="${jdbc.url}" />
		<property name="username" value="${jdbc.username}" />
		<property name="password" value="${jdbc.password}" />
		<property name="poolPreparedStatements" value="true" />
		<property name="defaultAutoCommit" value="false" />
	</bean>

	<!-- JPA实体管理器工厂 -->
	<bean id="entityManagerFactory"
		class="org.springframework.orm.jpa.LocalContainerEntityManagerFactoryBean"
		p:dataSource-ref="dataSource"
		p:persistenceXmlLocation="classpath:META-INF/persistence.xml"
		p:persistenceUnitName="ApplicationEntityManager">
		<property name="jpaVendorAdapter" ref="jpaVendorAdapter" />
		<property name="jpaDialect" ref="jpaDialect" />
		<property name="packagesToScan" value="edu.zut.cs.*" />
		<property name="jpaProperties">
			<props>
				<prop key="hibernate.dialect">${hibernate.dialect}</prop>
				<prop key="hibernate.max_fetch_depth">3</prop>
				<prop key="hibernate.jdbc.fetch_size">18</prop>
				<prop key="hibernate.jdbc.batch_size">10</prop>
				<prop key="hibernate.hbm2ddl.auto">update</prop>
				<prop key="hibernate.show_sql">true</prop>
				<prop key="hibernate.format_sql">true</prop>
				<prop key="javax.persistence.validation.mode">none</prop>
			</props>
		</property>
	</bean>


	<!-- 用于设置JPA实现厂商的特定属性 -->
	<bean id="jpaVendorAdapter"
		class="org.springframework.orm.jpa.vendor.HibernateJpaVendorAdapter"
		p:database="MYSQL" />


	<!-- 用于指定一些高级特性 -->
	<bean id="jpaDialect"
		class="org.springframework.orm.jpa.vendor.HibernateJpaDialect" />

	<bean id="sessionFactory" factory-bean="entityManagerFactory"
		factory-method="getSessionFactory" />

	<bean id="transactionManager"
		class="org.springframework.orm.jpa.JpaTransactionManager">
		<property name="entityManagerFactory"
			ref="entityManagerFactory" />
	</bean>

	<tx:annotation-driven />
	<context:annotation-config />

</beans>
