<?xml version="1.0" encoding="UTF-8"?>
<Configuration status="WARN">
	<Appenders>
		<Console name="Console" target="SYSTEM_OUT">
			<PatternLayout
				pattern="%d{YYYY-MM-dd, HH:mm:ss.SSS} [%t] %-5level %logger{36} - %msg%n" />
		</Console>
	</Appenders>
	<Loggers>
		<logger name="org.springframework" level="WARN" />
		<logger name="org.hibernate" level="WARN" />
		<logger name="edu.zut.cs" level="DEBUG" />
		<Root level="debug">
			<AppenderRef ref="Console" />
		</Root>
	</Loggers>
</Configuration>

